{"cameraMode":{"drawMode":0,"name":"Shaded","section":"Shading Mode"},"sceneLighting":true,"audioPlay":false,"sceneViewState":{"m_AlwaysRefresh":true,"showFog":false,"showSkybox":true,"showFlares":true,"showImageEffects":true,"showParticleSystems":true,"showVisualEffectGraphs":true,"m_FxEnabled":true},"in2DMode":false,"pivot":{"x":-0.15335559844970704,"y":-14.073823928833008,"z":22.111000061035158},"rotation":{"x":-0.17477105557918549,"y":0.1825585514307022,"z":-0.03299558907747269,"w":-0.9669749736785889},"size":61.0574951171875,"orthographic":false}